"19","15","youtube","shPGYLAOiz8"
"20","16","youtube","YOOIK0baLvM"
"21","17","youtube","Ue_SfrHHBAc"
"22","18","youtube","gsYKF8ecC8g"
"25","20","youtube","tRlzmyveDHE"
"26","21","youtube","Lu0sotERXhI"
"27","22","youtube","enxAnyA6RXs"
"28","23","youtube","TNMpa5yBf5o"
"29","24","youtube","22v-1eMIl40"
"32","25","youtube","bCHd5C5ADRg"
"33","26","youtube","uQBy6jqbmlU"
"34","27","youtube","u_ILa0TF_zk"
"35","28","youtube","UQzZANZ4R14"
"36","29","youtube","VGwnWb2gsv8"
"37","30","youtube","jBV5MbCap3w"
"38","19","youtube","pMiCJefpn9Q"
"39","19","youtube","gcO98LvkqLU"
"40","31","youtube","3xpKSGWiG6k"
"41","32","youtube","cALH3eXpruM"
"42","33","youtube","4sj1MT05lAA"
"43","34","youtube","bCHd5C5ADRg"
"44","35","youtube","1Q_98VlWLF4"
"45","36","youtube","ZFCno8e-KuI"
"46","37","youtube","8iHrEOiuoyw"
"47","38","youtube","wXCs8qDWEMk"
"48","39","youtube","nO4j6y9D3A4"
"49","41","youtube","_z-gerHEq6c"
"50","42","youtube","wmd-qmO_wFI"
"51","43","youtube","5_bh4-fIAOg"
"52","44","youtube","uW6dNiOIOhA"
"53","45","youtube","dSJqhmjYw-o"
"54","46","youtube","S396-fnLldk"
"55","47","youtube","6Rf55GTEZ_E"
"56","47","youtube","sPCiQdMnDLY"
"57","48","youtube","M1B7dGlmres"
"58","49","youtube","L9szn1QQfas"
"59","49","youtube","1Ay_H0p2YDk"
"60","49","youtube","d4RiUy23e9s"
"61","50","youtube","dtxD0Hdi86M"
"62","51","youtube","JosfJbvCi6I"
"63","52","youtube","223bYlLJSnU"
"64","53","youtube","cmUZuZniouU"
"65","55","youtube","_LaljvQAg8I"
"66","56","youtube","931"
"68","58","youtube","dVnzpNCG0c4"
"69","59","youtube","VhpN3obM5fc"
"70","60","youtube","AZdB0V1Z-Og"
"71","61","youtube","eajuMYNYtuY"
"72","61","youtube","7QAtZpOhL3w"
"73","62","youtube","jbncmdHxobg"
"74","63","youtube","gXdru_rLBfw"
"75","64","youtube","3k06AHWgOqs"
"76","65","youtube","5eAQWllCHHU"
"77","66","youtube","Sv6SM0w0B5A"
"79","68","youtube","U68fgXkjA1A"
"80","69","youtube","mn4O3iQ8B_s"
"81","70","youtube","A7KHQCwkflk"
"82","71","youtube","uNz2yKtKKGA"
"83","72","youtube","E-fGUgMK9bI"
"84","73","youtube","oU4moy3Wz4c"
"85","74","youtube","hicMZpkl9-w"
"86","75","youtube","o8ccSiH4olo"
"87","76","youtube","YrTXTb03Ixc&hd=1"
"88","77","youtube","36mnx8dBbGE"
"89","78","youtube","f6acw690AqQ"
"90","79","youtube","l9OL-5xcqCQ"
"91","79","youtube","l9OL-5xcqCQ"
"92","80","youtube","jWDwJIBqjSU"
"93","81","youtube","h3ptPtxWJRs"
"94","82","youtube","-jHhRi_rr4g"
"95","83","youtube","ol-U0ibnVD4"
"96","84","youtube","Diqtd1gTUEc"
"97","85","youtube","aVG8F9D7suw"
"98","86","youtube","-0cSz62nq9Y"
"99","87","youtube","LiBzbNk0lZ0"
"100","88","youtube","kNlAlIJhrGQ"
"101","89","youtube","8hP9D6kZseM"
"102","90","youtube","k9FnD5j7t_k"
"103","91","youtube","Js7wxoqeVK0"
"104","92","youtube","CeacjOkLjZ0"
"105","93","youtube","iLNQv19YpG4"
"106","95","youtube","DezyFYB2MMk"
"107","96","youtube","Mq5LfuvRBVM"
"108","97","youtube","cOxeq6Z_0gQ"
"109","98","youtube","mARmXtTkVvY"
"110","99","youtube","kj5NHXDvKKM"
"111","100","youtube","GTrELyA8prM"
"112","101","youtube","3n3-UtakD3I"
"114","103","youtube","CIkOdrJGNy0"
"115","104","youtube","eFe0tEB7Svg"
"117","106","youtube","tSVeDx9fk60"
"118","107","youtube","7FAnUtCwo8U"
"119","108","youtube","iq6q2BrTino"
"120","108","youtube","vizwnpbwO0w"
"122","110","youtube","Abl-kJfDI58"
"124","112","youtube","NAH8qgVY9jE"
"125","113","youtube","cYplvwBvGA4"
"127","115","youtube","9xbqzyqPeDw"
"128","116","youtube","_4LSg8s5XF4"
"129","116","youtube","zaBAOVslv08"
"130","116","youtube","e46xCfLOlO8"
"131","117","youtube","gQWNALbabeQ"
"132","117","youtube","ptC_KlAP_Ko"
"133","117","youtube","Q5GQXSdZvcU"
"134","118","youtube","bZ7Li5w2I-k"
"135","119","youtube","GPcMKd_73Ys"
"136","121","youtube","34WIbmXkewU"
"137","122","youtube","NwaMAkL2XA8"
"138","123","youtube","PzoXZT_ORxM"
"142","125","youtube","xMiRxq12Fx0"
"144","127","youtube","XBfcGLBJ2Uc"
"145","128","youtube","XBJD-lxh078"
"146","129","youtube","0t0GjNThU1A"
"147","130","youtube","7tk-WZSqIGQ"
"149","133","youtube","hZxJzhIPTTg"
"150","134","youtube","ZV_HYwmEi_k"
"151","135","youtube","7wd5KEaOtm4"
"153","136","youtube","OH5KNcFRZLQ"
"154","137","youtube","ntxIBzJ0tU8"
"155","138","youtube","EIH7w0jx8NE"
"156","138","youtube","BJViD82Re_A"
"157","139","youtube","oam0x6wNK94"
"158","140","youtube","C9yBwqumFtI"
"159","141","youtube","k1wCAsZ9Jb0"
"160","142","youtube","TjeiPO6htno&feature=related"
"161","142","youtube","xFQWRwpG6J0"
"162","143","youtube","ucO27notQno"
"163","144","youtube","Zwf2fqcS3mk"
"164","145","youtube","7OT0ER77SGE"
"165","146","youtube","OiM8S9VLjvU"
"166","147","youtube","zZuiOB_f6nc"
"167","148","youtube","AYaTCPbYGdk"
"168","149","youtube","yyywumlnhdw"
"169","150","youtube","dSzySmEZc60"
"170","151","youtube","_O09NjpB4AI"
"171","152","youtube","bz24m8jAMHM"
"172","153","youtube","0aQ1R90UAxQ"
"173","154","youtube","ZsBNYHnsUws"
"174","155","youtube","c2NrQtMajP8"
"175","156","youtube","jHUbTS7B9J0"
"176","157","youtube","rtTVquZ2TFk"
"177","159","youtube","I8SEbbBnmFc"
"178","160","youtube","VpaT8NzkLgE"
"181","162","youtube","2sYngYYVNmE"
"182","162","youtube","9lHvgikgY7A"
"183","163","youtube","zPJ6DBYcFbE"
"184","164","youtube","1akixU65dDY"
"185","165","youtube","M4gZ4E8PhAQ"
"186","166","youtube","lEcKXr3mJ_o"
"187","166","youtube","Cbh0mv7Ob04"
"192","169","youtube","1Rl1TJG17Wk"
"193","169","youtube","yDZP37nooO4"
"194","170","youtube","EsV2Z_il_L4"
"195","171","youtube","HszVQgs4e_c"
"196","172","youtube","VdwvAvXUxc4&hd=1"
"198","174","youtube","qwzkxI6b9Go"
"199","175","youtube","5kQnlBW02tI"
"200","176","youtube","LV53rr3wb7A"
"201","177","youtube","uCJHn-ZFH54"
"202","178","youtube","glTzGSY3PjI"
"203","179","youtube","N-v2Utju3bE"
"204","180","youtube","g06k4HOlEbg"
"205","181","youtube","7VdONYkKFmQ"
"206","182","youtube","f5-ggQheM1E"
"207","183","youtube","MPLogYa9Q0o"
"208","183","youtube","1b7KFJX5eKM"
"209","183","youtube","gcSsn5f-w48"
"210","184","youtube","cNYJZbci31c"
"211","185","youtube","bkTpAYrLcOo"
"215","188","youtube","xZ96tl5MrfU"
"216","189","youtube","866yr_Oj5IA"
"217","114","youtube","IyaFEBI_L24"
"219","191","youtube","AMEc_MiLmgw"
"220","191","youtube","SG_3tABvcp4"
"231","194","youtube","wmd-qmO_wFI"
"232","195","youtube","0XvJwTYnKww"
"233","196","youtube","dFQS8IKrUHA"
"234","196","youtube","JpZoaO6ceV0"
"235","196","youtube","SZ6WX0EI31Q"
"236","196","youtube","dUfBxB-yC1Y"
"237","197","youtube","pNA3cxwNX-0"
"238","198","youtube","4SerZm7DheA"
"239","199","youtube","N-xUVK1ppq4"
"240","111","youtube","0yFM32FwrDk"
"241","200","youtube","JA9tOSRyI3Y"
"242","201","youtube","ylF1Jp4DIYQ"
"243","201","youtube","aFhCLiGvb08"
"245","203","youtube","PlkWVkpP59U"
"246","204","youtube","wCsSzZU-sQ4"
"247","205","youtube","l3XVW676Rus"
"248","206","youtube","aPLiBxhoug0"
"249","207","youtube","W5zJZQjP094"
"250","208","youtube","5iaYLCiq5RM"
"251","209","youtube","PkULMOFpuCo"
"252","210","youtube","HHcHYisZFLU"
"253","210","youtube","N0WUpsErUBA"
"254","211","youtube","pSTaJysUZxc"
"255","212","youtube","hh8uvTlmh0w"
"256","213","youtube","33hCrQCWfmw"
"257","214","youtube","dqWEE6HBhuo"
"258","215","youtube","1tSOE9PNTIQ"
"259","216","youtube","7_L_5vrHoWQ"
"260","217","youtube","GrWp53jU-MI"
"261","218","youtube","lgeuvDiS1_M"
"262","219","youtube","ZIEwPQlfzec"
"263","220","youtube","3DiQY9nSpX4"
"265","222","youtube","yhBpgqXwrt8"
"267","224","youtube","W7w07MLhhb4"
"268","224","youtube","tRplNRHOtS0"
"269","225","youtube","wsHCoKGxjLk"
"270","226","youtube","xk5UStefYmE"
"271","227","youtube","8dcYw4OwCA0"
"272","227","youtube","VVN82P8dN7I"
"273","228","youtube","j2K_BAzDgbg"
"274","229","youtube","Y_e_XzgStHk"
"275","173","youtube","11Wn-_uyT48"
"276","231","youtube","wtFESEqa9fA"
"277","232","youtube","y9H9XiYgOmc"
"278","233","youtube","h2JBjEtNSSc"
"279","234","youtube","P8nzbUR9dgI"
"280","235","youtube","43WTCO8-C4w"
"282","237","youtube","jMYpXl0mnL8"
"283","237","youtube","Znuq-daWfLE"
"284","238","youtube","T2hBBONbMCo"
"285","239","youtube","Buf4_Crt27c"
"286","240","youtube","-tnxzJ0SSOw"
"287","105","youtube","TgEqVYcryWc"
"288","241","youtube","WV8bbMxPBdc"
"289","241","youtube","u7__TG7swg0"
"290","242","youtube","Orp0MoLkpSU"
"291","168","youtube","GNarV_3P4oM"
"292","168","youtube","vxYKQoMt5TQ"
"293","168","youtube","ZP--GlxM2a8"
"294","243","youtube","-CimpBqZoiQ"
"295","244","youtube","nDNDQLP3bPI"
"297","246","youtube","vwx1f0kyNwI"
"298","247","youtube","0uIWGOKW5OM"
"299","248","youtube","RYL_T7f59o8&feature=related"
"300","248","youtube","9xXBjtAGIzE"
"301","248","youtube","0Wv6j7DApnM"
"302","249","youtube","PifvRiHVSCY"
"303","250","youtube","32dchLiEEVg"
"304","250","youtube","1ejuhWeqaZA"
"305","251","youtube","rpMxOjUjweA"
"306","252","youtube","Zl_h9RaL0es"
"307","253","youtube","22kz8C9glCk"
"308","253","youtube","WUadmfh_qJw"
"309","254","youtube","SJM_ArX1bDA"
"310","254","youtube","aiqLxSuXBzI"
"312","255","youtube","hgwSpajMw3s"
"313","255","youtube","1NbtltCSpcU"
"314","256","youtube","HV5mBY2Oaow"
"315","257","youtube","u4K4xbyRMIM"
"316","258","youtube","RXZY_XRjABs"
"317","259","youtube","QW1xuCXABVc"
"318","260","youtube","uA48UG0gkJI"
"319","260","youtube","BkSwBa1g40Y"
"320","261","youtube","umy56QgxCY4"
"321","124","youtube","tYg0VgPy6Uk"
"322","124","youtube","TEHWDA_6e3M"
"323","124","youtube","TEHWDA_6e3M"
"324","262","youtube","-EwEFLnlxvM"
"325","262","youtube","RR0s0yUm_tE"
"330","263","youtube","UuCUpV81tNE"
"331","264","youtube","cSo0k5a0l0w"
"332","265","youtube","jj6wcUes1no"
"333","266","youtube","-LepPGcEnDw"
"334","267","youtube","dKxgj5FxmZo"
"335","268","youtube","qj-HTB-sNZ8"
"336","268","youtube","qSU5iaHIIjc"
"337","268","youtube","EhBrkC5g6GI"
"338","269","youtube","5mDi49Qj1xk"
"339","270","youtube","oWzTOoOpFa8"
"340","271","youtube","j3hFD9xqTCU"
"341","272","youtube","-egQ79OrYCs"
"342","272","youtube","P_CWNb9zA9U"
"343","273","youtube","eOrNdBpGMv8"
"344","273","youtube","hIR8Ar-Z4hw"
"345","273","youtube","bGt-saFvkNk"
"346","274","youtube","jEKQwy13j_8"
"347","274","youtube","fNgSBMDPYeg"
"348","274","youtube","JP0YZk3jSGA"
"349","275","youtube","1_lOyGcMIEU"
"350","276","youtube","iBSYxd38eic"
"351","278","youtube","L_hgrfZVlJA"
"352","279","youtube","DuYj4q7s8rc"
"353","280","youtube","lvQzb1YMdtY"
"354","280","youtube","kAbxn_F8lps"
"355","126","youtube","9fbo_pQvU7M"
"356","281","youtube","8F1wrDsUqYc"
"357","282","youtube","GgF5QTsonn8"
"358","283","youtube","eeG-S4Xj3PE"
"359","284","youtube","yBNSOdEjtZs"
"360","285","youtube","vLB3lW4ReeQ"
"361","286","youtube","s3nblhkrHG0"
"362","286","youtube","WQGJAIYtWD4"
"363","287","youtube","bZemQdvthBs"
"364","288","youtube","zC9AARSHuCU"
"365","289","youtube","Sv6SM0w0B5A"
"366","290","youtube","YlTfanv7vE0"
"367","291","youtube","b_KllgySsPo"
"368","292","youtube","ORAGHEV890Y"
"369","293","youtube","PMA-taGtfXs"
"370","294","youtube","N94zUW4SPBI"
"371","295","youtube","ucmnTmYpGhI"
"372","296","youtube","XBEVwaJEgaA"
"373","236","youtube","9u4FHmId-Y0"
"374","297","youtube","PVgUZ2NSzBo"
"375","298","youtube","_yTZ8E3vbsE"
"376","299","youtube","adPvbscBK_8"
"377","300","youtube","5MB3Ea6L-gw"
"378","301","youtube","ukDLkkvZYFk"
"379","302","youtube","8UiHFHF-Nqk"
"380","303","youtube","P1GRO31ve5Q"
"381","304","youtube","N41QJ0VCs68"
"382","305","youtube","gRCwnLrrxyQ"
"383","305","youtube","GVx5K8WfFJY"
"384","305","youtube","r94bLJi3P2c"
"385","306","youtube","lu2ecPMX0kI"
"386","306","youtube","dYYRjVof6TU"
"387","306","youtube","5WGbUCA1K9A"
"388","308","youtube","i8xsR6rOk-g"
"389","309","youtube","yLyXEQPuLJo"
"390","310","youtube","KZkbSUSdqX4"
"391","311","youtube","YbfMgvgR9NI"
"392","311","youtube","MJE0J6PUpyI"
"393","312","youtube","63KfQ88rtiI"
"394","313","youtube","0sur6pwJ15E"
"395","313","youtube","byX-5gpH_AY"
"396","314","youtube","p4mpOY0KWsM"
"397","314","youtube","w2jrR6SV1gc"
"399","316","youtube","6EHZeOP6Ap4"
"400","316","youtube","bCKEyxcTiYc"
"401","317","youtube","qPvlb6eXzMA"
"402","318","youtube","XZAvWkBAhkk"
"403","318","youtube","LViDBXFDAxw"
"404","319","youtube","qSQ2xcjalHI"
"405","319","youtube","uH3STHC63hU"
"406","223","youtube","k-OOfW6wWyQ"
"407","320","youtube","n7JhKCQnEqQ"
"408","321","youtube","ay-eT1B39zI"
"409","322","youtube","uHBnrJowBZE"
"413","324","youtube","iNmWrAhYcP4"
"414","325","youtube","fpP6osQNMh0"
"416","327","youtube","s4YqbbzmBPs"
"417","328","youtube","PQNLfo-SOR4"
"418","330","youtube","VZ3lr3urgDU"
"419","331","youtube","cBkR43TSzZ4"
"420","332","youtube","CWPkJD0YHeM"
"421","333","youtube","EbCoDf44oCE"
"422","333","youtube","f8D2NIGEJW8"
"423","334","youtube","onhLCb5yBsc"
"424","161","youtube","D9vg9eOcveI"
"425","161","youtube","5xOSoONDpY4"
"426","335","youtube","uCJHn-ZFH54"
"427","336","youtube","p4NJHqoojOU"
"428","337","youtube","C08Dzex4WHc"
"429","338","youtube","xF9FW5_yDxs"
"430","339","youtube","r8ZMvxzplwc&hd=1"
"434","342","youtube","x6LmLlcD0EU"
"435","343","youtube","l58gMx3tnAw"
"436","344","youtube","3lsaG54WpEo"
"438","346","youtube","x-qYzamoVDE"
"439","346","youtube","HYuxE3YetQo"
"440","347","youtube","v2uV0_1C4UM"
"441","348","youtube","c4Jo8QoOTQ4"
"442","348","youtube","rIbmpzO8Siw"
"443","348","youtube","CEpuUhM26k8"
"444","348","youtube","K-5ZNMG1aXo"
"445","349","youtube","JerVrbLldXw"
"446","350","youtube","hcBPzqxBnRU"
"447","350","youtube","YFgB6xUzziU"
"448","351","youtube","swrcKRVgeGI"
"449","352","youtube","rMCh4etBbkU"
"450","353","youtube","ak-pN_ZwvG4"
"451","354","youtube","kKLDqC0rLIY"
"452","355","youtube","qLoKm_vUsFY"
"453","355","youtube","YHR56TdWC44"
"454","356","youtube","Bkc9c7VXmn8"
"455","357","youtube","7IM9e3yYLzM"
"456","358","youtube","mfvrgD6d9N0"
"457","359","youtube","9dc5iiT0f1s"
"458","360","youtube","xP4WvJaMfj8"
"459","360","youtube","PSIiGE105iA"
"460","360","youtube","IbhFZihpGfY"
"461","360","youtube","wniQj3UIj0E"
"462","360","youtube","fKnXIxjCC2Y"
"463","361","youtube","l-akimwGclk"
"464","362","youtube","n-9eUXSzZNk"
"465","363","youtube","gNiiJ0JtBOQ"
"466","364","youtube","0KW8stZ2jSQ"
"467","365","youtube","enmFqm_N_ZE&hd=1"
"468","366","youtube","qExWP-kZC5Y"
"469","367","youtube","MIQFTBsGccA"
"470","368","youtube","CGCBssNht9c"
"471","369","youtube","mSInXjOQzdE"
"472","190","youtube","ssWbGKTgXFc"
"473","370","youtube","JGrrqFx3i-0"
"474","345","youtube","SvB5SiSCQg8"
"475","315","youtube","I_kDb-pRCds"
"476","371","youtube","QH-6UImAP7c"
"477","372","youtube","7wf8LEeoVS4"
"478","341","youtube","XWHyvubVdPA"
"479","341","youtube","mZnF54D0GvQ"
"480","373","youtube","XkkNJYhZlHA"
"481","374","youtube","IyJo6ESSiMY"
"482","375","youtube","dv9ce8cJVfg"
"484","167","youtube","zCy5WQ9S4c0"
"485","187","youtube","F_VIM03DXWI"
"486","186","youtube","ar00z32bXNQ"
"487","186","youtube","63tg_R4qi2k"
"488","377","youtube","zH3O-CeZckE"
"489","377","youtube","F1Dm9zRogpE"
"490","378","youtube","dHva0-ckVMw"
"491","379","youtube","QU0SEeQJy0c"
"492","380","youtube","6EoDyB3D7Ho"
"493","381","youtube","bZMyY0WuwyY"
"494","382","youtube","oC5O9NFWZCs"
"495","383","youtube","V0LQnQSrC-g"
"496","383","youtube","Kxrndgt7gIY"
"497","384","youtube","hD9VgPGsHL8"
"498","384","youtube","1NaoX3E1C38 "
"499","385","youtube","fSeWHl1PaKs"
"500","386","youtube","C6RU5y2fU6s"
"501","387","youtube","h-q2o-qO0vY"
"502","388","youtube","cuT1ht5netI"
"503","388","youtube","WquCBd8Md9M"
"504","202","youtube","4cVcpz8H3Pk"
"505","390","youtube","6kw1UVovByw"
"506","390","youtube","1Uyjf5Pp0Ko"
"507","390","youtube","5Ejo9_3iUpw"
"508","391","youtube","EctFEyCMDL0"
"509","395","youtube","Jj4Wz4cINDo"
"510","396","youtube","FNQowwwwYa0"
"511","396","youtube","XistIBFDw-g"
"512","397","youtube","dP-xFvTIdNk"
"513","398","youtube","hSTVmYyk5ro"
"514","399","youtube","sRSphEIfejA"
"515","400","youtube","1cnoM8EiGGU"
"516","400","youtube","nMft5QDOHek"
"517","102","youtube","QWBKEmWWL38"
"519","402","youtube","9_iPKYe8gHI"
"520","402","youtube","0ah_m2is9r4"
"521","403","youtube","XdxS8VAdwZ0"
"522","403","youtube","lX2FffaLdks"
"523","404","youtube","8NuOGRn53qI"
"525","405","youtube","tihG_2BSUqg"
"526","406","youtube","DaKbXJUWRZk"
"527","406","youtube","1Er_EeF2Ozc"
"528","407","youtube","HMnVs287AJ4"
"529","408","youtube","gUg4gWjOgXs"
"530","409","youtube","7JrE099n90k"
"531","410","youtube","huRnGh-NWGM"
"532","411","youtube","IYN4HVjtmVQ"
"533","412","youtube","HjdsH5ewB_w"
"534","413","youtube","OgBqfw0hINM"
"535","413","youtube","DUwuscsLiaw"
"536","414","youtube","Jdpg9NsgEaI"
"537","415","youtube","jNT92z4NGSQ"
"538","416","youtube","MaNs64k_2xw"
"539","417","youtube","qdOGJi5Sne4"
"540","418","youtube","fkxcftwKwfI"
"541","419","youtube","PM8V3cHdSC4"
"542","419","youtube","ekKMYAOmTj0"
"543","420","youtube","JwnjENpIyq0"
"544","422","youtube","c3W5HUz7vyY"
"545","423","youtube","tLG3RKdhDcQ"
"546","424","youtube","WGTipPTXmzo"
"547","425","youtube","10XcgIjebkM"
"548","426","youtube","KAE5ymVLmZg"
"549","426","youtube","ofkcLgzNZGM"
"550","427","youtube","Hv3obL9HqyY"
"551","427","youtube","gUthyrYwXUc"
"552","428","youtube","iDWnZ3zAiFA"
"553","431","youtube","s9aIuPSvXX8"
"554","432","youtube","wXCs8qDWEMk"
"555","433","youtube","8iHrEOiuoyw"
"556","434","youtube","-B7bAaUyvXg"
"557","434","youtube","-B7bAaUyvXg"
"558","435","youtube","ZFCno8e-KuI"
"559","436","youtube","sFXGrTng0gQ"
"560","437","youtube","yNZnBHp_lrM"
"561","438","youtube","gKWNUyTGqss"
"562","192","youtube","VW-F1H-Nonk"
"563","192","youtube","1hL5y9CNtTg"
"564","192","youtube","6HBytoAJn0Y"
"565","192","youtube","dAXL9X15ae8"
"566","192","youtube","T8x7qufHTdI"
"567","192","youtube","zV5VfFrwPo8"
"568","439","youtube","Sr1PSyCxb7g"
"569","439","youtube","LXW73C0hfwM"
"570","440","youtube","m8e-FF8MsqU"
"571","441","youtube","zsgrsiZoymA"
"572","442","youtube","Kw3IQpnVtvo"
"574","444","youtube","o8ccSiH4olo"
"575","445","youtube","yxbjexP3Isc"
"576","446","youtube","CWRRiSfKkXo"
"577","132","youtube","BNi-ebCWXos"
"578","447","youtube","edLB6YWZ-R4"
"579","448","youtube","7O0D4wosdhM"
"580","449","youtube","Pv30J05U2nI"
"581","450","youtube","HJIF9-6D52w"
"582","451","youtube","XpTUYr-0ay4"
"583","453","youtube","KcvIpsf-ENY"
"584","453","youtube","CAMi4pIZIGY"
"585","454","youtube","TWB_icm5M38"
"586","455","youtube","a3oJIbFvYAI"
"587","456","youtube","UsjdRsrR6cs"
"588","457","youtube","6kkLxrhYxnc"
"589","457","youtube","zu4RYTICf2s"
"590","458","youtube","JbeFIfS8uno"
"591","458","youtube","BHq_aTcWMpQ"
"592","458","youtube","B6SwTSDn_is"
"593","458","youtube","aka1_hqhZuA"
"594","459","youtube","Oj0KrQJrgTI"
"595","460","youtube","NR-oHrgWpTw"
"596","461","youtube","6WKmnAcMTKM"
"597","462","youtube","sGf_WdlHTqs"
"598","462","youtube","Md6Dvxdr0AQ"
"599","463","youtube","EYFhFYoDAo4"
"600","463","youtube","YxC_JNz5Vbg"
"602","193","youtube","z5Humz3ONgk"
"603","193","youtube","7gFwvozMHR4"
"604","193","youtube","g8evyE9TuYk"
"605","193","youtube","J9DlV9qwtF0"
"611","466","youtube","vknG01yvT9s"
"617","468","youtube","-xu3JLXfuwQ"
"618","469","youtube","YRjztG65XgI"
"619","470","youtube","5J4z-jjvNto"
"620","471","youtube","M7mqpGNx8FI"
"621","472","youtube","KGQHeW5tUC8"
"622","472","youtube","2EEKCHwJqqs"
"623","472","youtube","MGKXlwBe92k"
"624","472","youtube","p6oAp_68l0g"
"625","472","youtube","8q8iIZQrb3Q"
"626","473","youtube","CJIXOx2-GZ8"
"627","474","youtube","u1VCP3O8wG0"
"628","475","youtube","gnoVz9k0f0o"
"629","476","youtube","4z9g10WXiss"
"630","109","youtube","9ua_4ajpP58"
"631","477","youtube","TwecyXBMDUQ"
"632","478","youtube","LoVhgaj6PiE"
"633","478","youtube","CAUjV2hGuW4"
"634","478","youtube","LoVhgaj6PiE"
"635","478","youtube","M2QB44CV8Kg"
"636","478","youtube","kakHwM2ihSw"
"638","340","youtube","Diqtd1gTUEc"
"641","482","youtube","SX2PWpcJlrY"
"642","483","youtube","r0fq5dd0C60"
"644","485","youtube","4t2tdKD9tPs"
"645","486","youtube","fUTpYsXKJHI"
"646","443","youtube","kNlAlIJhrGQ"
"647","323","youtube","3H8bnKdf654"
"648","323","youtube","gKOQAnvBHCw"
"649","323","youtube","kHRf01Gjosk"
"650","487","youtube","PgIs9JZNNt8"
"651","326","youtube","0WEHHIzIFes"
"652","376","youtube","8qrB9I3DM80"
"653","467","youtube","dFQS8IKrUHA"
"654","467","youtube","JpZoaO6ceV0"
"655","467","youtube","SZ6WX0EI31Q"
"656","467","youtube","dUfBxB-yC1Y"
"657","467","youtube","SDnYMbYB-nU"
"658","221","youtube","JPSQOomMWro"
"659","488","youtube","cw_ETnxuBys"
"660","489","youtube","IKPltuiEVJ8"
"661","490","youtube","NUKgcu_lpLU"
"663","492","youtube","dVNe3RK2fgI"
"664","492","youtube","qnWIR2jFklo"
"665","493","youtube","4fVCKy69zUY"
"666","493","youtube","mOV86u8Uwho"
"667","494","youtube","MlsPOAFDZ_U"
"668","495","youtube","CZIt20emgLY"
"669","495","youtube","dHjM0pWCBJQ"
"670","495","youtube","NZ8geFvSJw4"
"671","496","youtube","iO3JIyH0fX8"
"672","497","youtube","VXuQDNdbd5E"
"673","498","youtube","hcFwqwmV38o"
"675","499","youtube","Qt0TMMYsWOg"
"676","500","youtube","sHTsQ9qePrQ"
"677","501","youtube","-hjiVViMuS4"
"678","502","youtube","XQSsnTH2sQ4"
"679","503","youtube","_Q5vABZe7mc"
"680","503","youtube","8IOjLX-MYP4"
"681","504","youtube","1rolBdc_mjs"
"682","505","youtube","YdaMGcOyfjM"
"684","506","youtube","eZ4xDTz8Avc"
"685","506","youtube","DUA7rr0bOcc"
"686","484","youtube","jvWzh9NFFZc"
"687","507","youtube","oZKoi8Ep6S8"
"688","508","youtube","rieI5g9fgRc"
"689","509","youtube","TbQm5doF_Uc"
"690","245","youtube","UM-Xo8aSbcI"
"691","512","youtube","bpXfcTF6iVk"
"692","512","youtube","hB-jNPVK674"
"693","512","youtube","wCYRAH0jQH4"
"694","512","youtube","Y-zDBRtdf2w"
"695","512","youtube","EZiycCVzHpo"
"696","512","youtube","NOBzBMiSY2U"
"697","512","youtube","rP0Cihvq9FI"
"698","513","youtube","CI4EjV_x_PQ"
"700","511","youtube","7EgVRvG2mM0"
"701","510","youtube","vP0cUBi4hwE"
"702","510","youtube","H30su86_PQM"
"703","510","youtube","P7i0U8DAFxY"
"712","520","youtube","nijccxWvyXU"
"713","515","youtube","FM5QxQNDsDQ"
"714","518","youtube","yUYTO23TGMI"
"715","519","youtube","gVwycnRGuVs"
"716","517","youtube","CtiLjvVwvY4"
"717","516","youtube","kkzcNF-jlWw"
"718","521","youtube","pnzLRDDijW0"
"719","514","youtube","InR865IDDjU"
